observable,model,target_L,prediction,bootstrap_median,prediction_ci95_low,prediction_ci95_high,prediction_interval95_low,prediction_interval95_high,L_min,L_max,used_L,used_run_counts,limit,amplitude,decay_exponent,residual_rms,fit_converged,fit_failure,fit_failure_rate,boundary_solution,boundary_rate,covariance_failure_rate,max_parameter_correlation,fit_parameter_bounds,fit_note,bootstrap_samples,bootstrap_seed,largest_observed_L,extrapolation_ratio,generation_timestamp_utc,input_manifests,input_manifest_sha256,input_file_sha256,analysis_source_commit,preregistration_status
S_peak,finite_log,384,6836.1177540477365,6836.1177540477365,3691.822775676852,9980.412732418621,520.1604747483789,13152.075033347093,8,320,8;12;16;24;32;48;64;96;128;192;256;320,8:200;12:200;16:200;24:200;32:200;48:200;64:200;96:400;128:400;192:50;256:20;320:20,9335344.688063841,-9345160.806941416,0.0010000002278500672,2794.7229234763345,True,,0.0,True,1.0,0.0,1.0000000000000002,"[[0.0, -100000000.0, 0.001], [100000000.0, 100000000.0, 10.0]]",signed-exponent/signed-amplitude extension for increasing S_peak,0,20260720,320,1.2,2026-07-20T20:25:38+09:00,"[""app/out/scaling-v1/manifest.csv"", ""app/out/scaling-v2-main/manifest.csv"", ""app/out/unbounded-l192/benchmark/manifest.csv"", ""app/out/unbounded-l192/pilot/manifest.csv"", ""app/out/unbounded-l192/main/manifest.csv"", ""app/out/unbounded-l256/benchmark/manifest.csv"", ""app/out/unbounded-l256/pilot/manifest.csv"", ""app/out/unbounded-l320/benchmark/manifest.csv"", ""app/out/unbounded-l320/pilot/manifest.csv""]","{""app/out/scaling-v1/manifest.csv"": ""7d96ad0637f4007a41e8905f448799bf5a0ca94d1507810455dcbe01d148e146"", ""app/out/scaling-v2-main/manifest.csv"": ""02ddd5711fe8b9d432d494c39777d7f9f055bb3cf5b6ad7b6b9297bef42c35a3"", ""app/out/unbounded-l192/benchmark/manifest.csv"": ""d08adccd0cbdc320693ab1e286f4eb5591a99a054a4ed2dda25f078b9217f6b5"", ""app/out/unbounded-l192/main/manifest.csv"": ""05a3eb69b4bc2ede238e9d5a58454fb64803e5e2b2f4d408294b664f6cf05ed4"", ""app/out/unbounded-l192/pilot/manifest.csv"": ""769e779e37336255ada4796c74a02d7303a7f1114d093bdad8158478dd5b622e"", ""app/out/unbounded-l256/benchmark/manifest.csv"": ""6eb143feb5f1d7a9482b267cf5f1a1da932ff5c82125620b88e968750721efb2"", ""app/out/unbounded-l256/pilot/manifest.csv"": ""b65ffe49d43b0888de26ae3931a1d6ef94752907437b0c97ac06127f71773b1c"", ""app/out/unbounded-l320/benchmark/manifest.csv"": ""8f4babf8f28305994817b95eff54ca82b81cc1372b805e44efc0dc80c0d10028"", ""app/out/unbounded-l320/pilot/manifest.csv"": ""a3c533617ca6915bbefd65d81437884992dc2f03a9e0a09fafbcdadfe368ab54""}","{""app\\out\\unbounded-v6\\unbounded_bootstrap_samples.csv"": ""87e596d127c9dca786c8fe2bf94921e7fad8981106c8c17b48aa92311ee6f05d"", ""app\\out\\unbounded-v6\\unbounded_model_fits.csv"": ""d9d54aefc88cf70617aebc6a3cf5f10f83b9b4349cf135c97772593d85eab6ec"", ""app\\out\\unbounded-v6\\unbounded_predictions.csv"": ""a5898e6d0309f0b73533f39c9f8c9867d401fb88f8ac50c17802b5f0b3a51223"", ""app\\out\\unbounded-v6\\unbounded_size_summary.csv"": ""010f16bbc64c0a8c24779e92f3f7aaf2a68a3368fd46ac536b07b6eb1a020465""}",8afd49f08c4d5be00aa448accfc6e77aaf00387e,fixed before L=384 simulation
S_peak,finite_power,384,8096.069788419176,8096.069788419176,3528.616335888656,12663.523240949697,1499.7122802885742,14692.427296549777,8,320,8;12;16;24;32;48;64;96;128;192;256;320,8:200;12:200;16:200;24:200;32:200;48:200;64:200;96:400;128:400;192:50;256:20;320:20,2778627.5941209686,-2787067.1170213795,0.0010000000000035883,2428.180240640844,True,,0.0,True,1.0,0.0,0.9999999999977328,"[[0.0, -100000000.0, 0.001], [100000000.0, 100000000.0, 5.0]]",signed-exponent/signed-amplitude extension for increasing S_peak,0,20260720,320,1.2,2026-07-20T20:25:38+09:00,"[""app/out/scaling-v1/manifest.csv"", ""app/out/scaling-v2-main/manifest.csv"", ""app/out/unbounded-l192/benchmark/manifest.csv"", ""app/out/unbounded-l192/pilot/manifest.csv"", ""app/out/unbounded-l192/main/manifest.csv"", ""app/out/unbounded-l256/benchmark/manifest.csv"", ""app/out/unbounded-l256/pilot/manifest.csv"", ""app/out/unbounded-l320/benchmark/manifest.csv"", ""app/out/unbounded-l320/pilot/manifest.csv""]","{""app/out/scaling-v1/manifest.csv"": ""7d96ad0637f4007a41e8905f448799bf5a0ca94d1507810455dcbe01d148e146"", ""app/out/scaling-v2-main/manifest.csv"": ""02ddd5711fe8b9d432d494c39777d7f9f055bb3cf5b6ad7b6b9297bef42c35a3"", ""app/out/unbounded-l192/benchmark/manifest.csv"": ""d08adccd0cbdc320693ab1e286f4eb5591a99a054a4ed2dda25f078b9217f6b5"", ""app/out/unbounded-l192/main/manifest.csv"": ""05a3eb69b4bc2ede238e9d5a58454fb64803e5e2b2f4d408294b664f6cf05ed4"", ""app/out/unbounded-l192/pilot/manifest.csv"": ""769e779e37336255ada4796c74a02d7303a7f1114d093bdad8158478dd5b622e"", ""app/out/unbounded-l256/benchmark/manifest.csv"": ""6eb143feb5f1d7a9482b267cf5f1a1da932ff5c82125620b88e968750721efb2"", ""app/out/unbounded-l256/pilot/manifest.csv"": ""b65ffe49d43b0888de26ae3931a1d6ef94752907437b0c97ac06127f71773b1c"", ""app/out/unbounded-l320/benchmark/manifest.csv"": ""8f4babf8f28305994817b95eff54ca82b81cc1372b805e44efc0dc80c0d10028"", ""app/out/unbounded-l320/pilot/manifest.csv"": ""a3c533617ca6915bbefd65d81437884992dc2f03a9e0a09fafbcdadfe368ab54""}","{""app\\out\\unbounded-v6\\unbounded_bootstrap_samples.csv"": ""87e596d127c9dca786c8fe2bf94921e7fad8981106c8c17b48aa92311ee6f05d"", ""app\\out\\unbounded-v6\\unbounded_model_fits.csv"": ""d9d54aefc88cf70617aebc6a3cf5f10f83b9b4349cf135c97772593d85eab6ec"", ""app\\out\\unbounded-v6\\unbounded_predictions.csv"": ""a5898e6d0309f0b73533f39c9f8c9867d401fb88f8ac50c17802b5f0b3a51223"", ""app\\out\\unbounded-v6\\unbounded_size_summary.csv"": ""010f16bbc64c0a8c24779e92f3f7aaf2a68a3368fd46ac536b07b6eb1a020465""}",8afd49f08c4d5be00aa448accfc6e77aaf00387e,fixed before L=384 simulation
S_peak,zero_log,384,12266.99083782881,12266.99083782881,9214.990431801103,15318.991243856515,8310.639406326913,16223.342269330706,8,320,8;12;16;24;32;48;64;96;128;192;256;320,8:200;12:200;16:200;24:200;32:200;48:200;64:200;96:400;128:400;192:50;256:20;320:20,0.0,1.6440640131987878,-4.999999999999999,1284.4594389795445,True,,0.0,True,1.0,0.0,0.9987890456692491,"[[1e-12, -5.0], [100000000.0, 5.0]]",signed-exponent/signed-amplitude extension for increasing S_peak,0,20260720,320,1.2,2026-07-20T20:25:38+09:00,"[""app/out/scaling-v1/manifest.csv"", ""app/out/scaling-v2-main/manifest.csv"", ""app/out/unbounded-l192/benchmark/manifest.csv"", ""app/out/unbounded-l192/pilot/manifest.csv"", ""app/out/unbounded-l192/main/manifest.csv"", ""app/out/unbounded-l256/benchmark/manifest.csv"", ""app/out/unbounded-l256/pilot/manifest.csv"", ""app/out/unbounded-l320/benchmark/manifest.csv"", ""app/out/unbounded-l320/pilot/manifest.csv""]","{""app/out/scaling-v1/manifest.csv"": ""7d96ad0637f4007a41e8905f448799bf5a0ca94d1507810455dcbe01d148e146"", ""app/out/scaling-v2-main/manifest.csv"": ""02ddd5711fe8b9d432d494c39777d7f9f055bb3cf5b6ad7b6b9297bef42c35a3"", ""app/out/unbounded-l192/benchmark/manifest.csv"": ""d08adccd0cbdc320693ab1e286f4eb5591a99a054a4ed2dda25f078b9217f6b5"", ""app/out/unbounded-l192/main/manifest.csv"": ""05a3eb69b4bc2ede238e9d5a58454fb64803e5e2b2f4d408294b664f6cf05ed4"", ""app/out/unbounded-l192/pilot/manifest.csv"": ""769e779e37336255ada4796c74a02d7303a7f1114d093bdad8158478dd5b622e"", ""app/out/unbounded-l256/benchmark/manifest.csv"": ""6eb143feb5f1d7a9482b267cf5f1a1da932ff5c82125620b88e968750721efb2"", ""app/out/unbounded-l256/pilot/manifest.csv"": ""b65ffe49d43b0888de26ae3931a1d6ef94752907437b0c97ac06127f71773b1c"", ""app/out/unbounded-l320/benchmark/manifest.csv"": ""8f4babf8f28305994817b95eff54ca82b81cc1372b805e44efc0dc80c0d10028"", ""app/out/unbounded-l320/pilot/manifest.csv"": ""a3c533617ca6915bbefd65d81437884992dc2f03a9e0a09fafbcdadfe368ab54""}","{""app\\out\\unbounded-v6\\unbounded_bootstrap_samples.csv"": ""87e596d127c9dca786c8fe2bf94921e7fad8981106c8c17b48aa92311ee6f05d"", ""app\\out\\unbounded-v6\\unbounded_model_fits.csv"": ""d9d54aefc88cf70617aebc6a3cf5f10f83b9b4349cf135c97772593d85eab6ec"", ""app\\out\\unbounded-v6\\unbounded_predictions.csv"": ""a5898e6d0309f0b73533f39c9f8c9867d401fb88f8ac50c17802b5f0b3a51223"", ""app\\out\\unbounded-v6\\unbounded_size_summary.csv"": ""010f16bbc64c0a8c24779e92f3f7aaf2a68a3368fd46ac536b07b6eb1a020465""}",8afd49f08c4d5be00aa448accfc6e77aaf00387e,fixed before L=384 simulation
S_peak,zero_power,384,17852.594759618503,17852.594759618503,16382.468128766817,19322.72139047019,16201.49611849402,19503.693400742988,8,320,8;12;16;24;32;48;64;96;128;192;256;320,8:200;12:200;16:200;24:200;32:200;48:200;64:200;96:400;128:400;192:50;256:20;320:20,0.0,0.5321365247913953,-1.7511990085527334,383.4530453935685,True,,0.0,False,0.0,0.0,0.9990535925668452,"[[1e-12, -5.0], [100000000.0, 5.0]]",signed-exponent/signed-amplitude extension for increasing S_peak,0,20260720,320,1.2,2026-07-20T20:25:38+09:00,"[""app/out/scaling-v1/manifest.csv"", ""app/out/scaling-v2-main/manifest.csv"", ""app/out/unbounded-l192/benchmark/manifest.csv"", ""app/out/unbounded-l192/pilot/manifest.csv"", ""app/out/unbounded-l192/main/manifest.csv"", ""app/out/unbounded-l256/benchmark/manifest.csv"", ""app/out/unbounded-l256/pilot/manifest.csv"", ""app/out/unbounded-l320/benchmark/manifest.csv"", ""app/out/unbounded-l320/pilot/manifest.csv""]","{""app/out/scaling-v1/manifest.csv"": ""7d96ad0637f4007a41e8905f448799bf5a0ca94d1507810455dcbe01d148e146"", ""app/out/scaling-v2-main/manifest.csv"": ""02ddd5711fe8b9d432d494c39777d7f9f055bb3cf5b6ad7b6b9297bef42c35a3"", ""app/out/unbounded-l192/benchmark/manifest.csv"": ""d08adccd0cbdc320693ab1e286f4eb5591a99a054a4ed2dda25f078b9217f6b5"", ""app/out/unbounded-l192/main/manifest.csv"": ""05a3eb69b4bc2ede238e9d5a58454fb64803e5e2b2f4d408294b664f6cf05ed4"", ""app/out/unbounded-l192/pilot/manifest.csv"": ""769e779e37336255ada4796c74a02d7303a7f1114d093bdad8158478dd5b622e"", ""app/out/unbounded-l256/benchmark/manifest.csv"": ""6eb143feb5f1d7a9482b267cf5f1a1da932ff5c82125620b88e968750721efb2"", ""app/out/unbounded-l256/pilot/manifest.csv"": ""b65ffe49d43b0888de26ae3931a1d6ef94752907437b0c97ac06127f71773b1c"", ""app/out/unbounded-l320/benchmark/manifest.csv"": ""8f4babf8f28305994817b95eff54ca82b81cc1372b805e44efc0dc80c0d10028"", ""app/out/unbounded-l320/pilot/manifest.csv"": ""a3c533617ca6915bbefd65d81437884992dc2f03a9e0a09fafbcdadfe368ab54""}","{""app\\out\\unbounded-v6\\unbounded_bootstrap_samples.csv"": ""87e596d127c9dca786c8fe2bf94921e7fad8981106c8c17b48aa92311ee6f05d"", ""app\\out\\unbounded-v6\\unbounded_model_fits.csv"": ""d9d54aefc88cf70617aebc6a3cf5f10f83b9b4349cf135c97772593d85eab6ec"", ""app\\out\\unbounded-v6\\unbounded_predictions.csv"": ""a5898e6d0309f0b73533f39c9f8c9867d401fb88f8ac50c17802b5f0b3a51223"", ""app\\out\\unbounded-v6\\unbounded_size_summary.csv"": ""010f16bbc64c0a8c24779e92f3f7aaf2a68a3368fd46ac536b07b6eb1a020465""}",8afd49f08c4d5be00aa448accfc6e77aaf00387e,fixed before L=384 simulation
maximum_request_jump,finite_log,384,0.2701958549961811,0.27010628769234396,0.2609677531012871,0.2819577363868919,0.2474735005046943,0.2929182094876679,8,320,8;12;16;24;32;48;64;96;128;192;256;320,8:200;12:200;16:200;24:200;32:200;48:200;64:200;96:400;128:400;192:50;256:20;320:20,1.9956265432442815e-21,0.451528273313231,0.2879120468243308,0.0102823597549356,True,,0.0,True,0.0,0.0,0.9997016633613924,"limit[0,1], amplitude[1e-12,10], power exponent[0.001,5], log exponent[0.001,10]",unchanged v6 fit; L=384 excluded,500,20260720,320,1.2,2026-07-20T20:25:38+09:00,"[""app/out/scaling-v1/manifest.csv"", ""app/out/scaling-v2-main/manifest.csv"", ""app/out/unbounded-l192/benchmark/manifest.csv"", ""app/out/unbounded-l192/pilot/manifest.csv"", ""app/out/unbounded-l192/main/manifest.csv"", ""app/out/unbounded-l256/benchmark/manifest.csv"", ""app/out/unbounded-l256/pilot/manifest.csv"", ""app/out/unbounded-l320/benchmark/manifest.csv"", ""app/out/unbounded-l320/pilot/manifest.csv""]","{""app/out/scaling-v1/manifest.csv"": ""7d96ad0637f4007a41e8905f448799bf5a0ca94d1507810455dcbe01d148e146"", ""app/out/scaling-v2-main/manifest.csv"": ""02ddd5711fe8b9d432d494c39777d7f9f055bb3cf5b6ad7b6b9297bef42c35a3"", ""app/out/unbounded-l192/benchmark/manifest.csv"": ""d08adccd0cbdc320693ab1e286f4eb5591a99a054a4ed2dda25f078b9217f6b5"", ""app/out/unbounded-l192/main/manifest.csv"": ""05a3eb69b4bc2ede238e9d5a58454fb64803e5e2b2f4d408294b664f6cf05ed4"", ""app/out/unbounded-l192/pilot/manifest.csv"": ""769e779e37336255ada4796c74a02d7303a7f1114d093bdad8158478dd5b622e"", ""app/out/unbounded-l256/benchmark/manifest.csv"": ""6eb143feb5f1d7a9482b267cf5f1a1da932ff5c82125620b88e968750721efb2"", ""app/out/unbounded-l256/pilot/manifest.csv"": ""b65ffe49d43b0888de26ae3931a1d6ef94752907437b0c97ac06127f71773b1c"", ""app/out/unbounded-l320/benchmark/manifest.csv"": ""8f4babf8f28305994817b95eff54ca82b81cc1372b805e44efc0dc80c0d10028"", ""app/out/unbounded-l320/pilot/manifest.csv"": ""a3c533617ca6915bbefd65d81437884992dc2f03a9e0a09fafbcdadfe368ab54""}","{""app\\out\\unbounded-v6\\unbounded_bootstrap_samples.csv"": ""87e596d127c9dca786c8fe2bf94921e7fad8981106c8c17b48aa92311ee6f05d"", ""app\\out\\unbounded-v6\\unbounded_model_fits.csv"": ""d9d54aefc88cf70617aebc6a3cf5f10f83b9b4349cf135c97772593d85eab6ec"", ""app\\out\\unbounded-v6\\unbounded_predictions.csv"": ""a5898e6d0309f0b73533f39c9f8c9867d401fb88f8ac50c17802b5f0b3a51223"", ""app\\out\\unbounded-v6\\unbounded_size_summary.csv"": ""010f16bbc64c0a8c24779e92f3f7aaf2a68a3368fd46ac536b07b6eb1a020465""}",8afd49f08c4d5be00aa448accfc6e77aaf00387e,fixed before L=384 simulation
maximum_request_jump,finite_power,384,0.2627686462602949,0.26330087115338446,0.2520243573194297,0.2817361682809731,0.23876096998321325,0.28677632253737656,8,320,8;12;16;24;32;48;64;96;128;192;256;320,8:200;12:200;16:200;24:200;32:200;48:200;64:200;96:400;128:400;192:50;256:20;320:20,3.3640029293184065e-19,0.422570918372163,0.0798373133023763,0.0096220566145296,True,,0.0,True,0.0,0.0,0.9998265560867142,"limit[0,1], amplitude[1e-12,10], power exponent[0.001,5], log exponent[0.001,10]",unchanged v6 fit; L=384 excluded,500,20260720,320,1.2,2026-07-20T20:25:38+09:00,"[""app/out/scaling-v1/manifest.csv"", ""app/out/scaling-v2-main/manifest.csv"", ""app/out/unbounded-l192/benchmark/manifest.csv"", ""app/out/unbounded-l192/pilot/manifest.csv"", ""app/out/unbounded-l192/main/manifest.csv"", ""app/out/unbounded-l256/benchmark/manifest.csv"", ""app/out/unbounded-l256/pilot/manifest.csv"", ""app/out/unbounded-l320/benchmark/manifest.csv"", ""app/out/unbounded-l320/pilot/manifest.csv""]","{""app/out/scaling-v1/manifest.csv"": ""7d96ad0637f4007a41e8905f448799bf5a0ca94d1507810455dcbe01d148e146"", ""app/out/scaling-v2-main/manifest.csv"": ""02ddd5711fe8b9d432d494c39777d7f9f055bb3cf5b6ad7b6b9297bef42c35a3"", ""app/out/unbounded-l192/benchmark/manifest.csv"": ""d08adccd0cbdc320693ab1e286f4eb5591a99a054a4ed2dda25f078b9217f6b5"", ""app/out/unbounded-l192/main/manifest.csv"": ""05a3eb69b4bc2ede238e9d5a58454fb64803e5e2b2f4d408294b664f6cf05ed4"", ""app/out/unbounded-l192/pilot/manifest.csv"": ""769e779e37336255ada4796c74a02d7303a7f1114d093bdad8158478dd5b622e"", ""app/out/unbounded-l256/benchmark/manifest.csv"": ""6eb143feb5f1d7a9482b267cf5f1a1da932ff5c82125620b88e968750721efb2"", ""app/out/unbounded-l256/pilot/manifest.csv"": ""b65ffe49d43b0888de26ae3931a1d6ef94752907437b0c97ac06127f71773b1c"", ""app/out/unbounded-l320/benchmark/manifest.csv"": ""8f4babf8f28305994817b95eff54ca82b81cc1372b805e44efc0dc80c0d10028"", ""app/out/unbounded-l320/pilot/manifest.csv"": ""a3c533617ca6915bbefd65d81437884992dc2f03a9e0a09fafbcdadfe368ab54""}","{""app\\out\\unbounded-v6\\unbounded_bootstrap_samples.csv"": ""87e596d127c9dca786c8fe2bf94921e7fad8981106c8c17b48aa92311ee6f05d"", ""app\\out\\unbounded-v6\\unbounded_model_fits.csv"": ""d9d54aefc88cf70617aebc6a3cf5f10f83b9b4349cf135c97772593d85eab6ec"", ""app\\out\\unbounded-v6\\unbounded_predictions.csv"": ""a5898e6d0309f0b73533f39c9f8c9867d401fb88f8ac50c17802b5f0b3a51223"", ""app\\out\\unbounded-v6\\unbounded_size_summary.csv"": ""010f16bbc64c0a8c24779e92f3f7aaf2a68a3368fd46ac536b07b6eb1a020465""}",8afd49f08c4d5be00aa448accfc6e77aaf00387e,fixed before L=384 simulation
maximum_request_jump,zero_log,384,0.2701958549633316,0.2689094349581538,0.2588286793304611,0.2795583619725241,0.24753332024930502,0.29285838967735817,8,320,8;12;16;24;32;48;64;96;128;192;256;320,8:200;12:200;16:200;24:200;32:200;48:200;64:200;96:400;128:400;192:50;256:20;320:20,0.0,0.4515282734490787,0.2879120470611903,0.0102823597549356,True,,0.0,False,0.0,0.0,0.9689003769430208,"limit[0,1], amplitude[1e-12,10], power exponent[0.001,5], log exponent[0.001,10]",unchanged v6 fit; L=384 excluded,500,20260720,320,1.2,2026-07-20T20:25:38+09:00,"[""app/out/scaling-v1/manifest.csv"", ""app/out/scaling-v2-main/manifest.csv"", ""app/out/unbounded-l192/benchmark/manifest.csv"", ""app/out/unbounded-l192/pilot/manifest.csv"", ""app/out/unbounded-l192/main/manifest.csv"", ""app/out/unbounded-l256/benchmark/manifest.csv"", ""app/out/unbounded-l256/pilot/manifest.csv"", ""app/out/unbounded-l320/benchmark/manifest.csv"", ""app/out/unbounded-l320/pilot/manifest.csv""]","{""app/out/scaling-v1/manifest.csv"": ""7d96ad0637f4007a41e8905f448799bf5a0ca94d1507810455dcbe01d148e146"", ""app/out/scaling-v2-main/manifest.csv"": ""02ddd5711fe8b9d432d494c39777d7f9f055bb3cf5b6ad7b6b9297bef42c35a3"", ""app/out/unbounded-l192/benchmark/manifest.csv"": ""d08adccd0cbdc320693ab1e286f4eb5591a99a054a4ed2dda25f078b9217f6b5"", ""app/out/unbounded-l192/main/manifest.csv"": ""05a3eb69b4bc2ede238e9d5a58454fb64803e5e2b2f4d408294b664f6cf05ed4"", ""app/out/unbounded-l192/pilot/manifest.csv"": ""769e779e37336255ada4796c74a02d7303a7f1114d093bdad8158478dd5b622e"", ""app/out/unbounded-l256/benchmark/manifest.csv"": ""6eb143feb5f1d7a9482b267cf5f1a1da932ff5c82125620b88e968750721efb2"", ""app/out/unbounded-l256/pilot/manifest.csv"": ""b65ffe49d43b0888de26ae3931a1d6ef94752907437b0c97ac06127f71773b1c"", ""app/out/unbounded-l320/benchmark/manifest.csv"": ""8f4babf8f28305994817b95eff54ca82b81cc1372b805e44efc0dc80c0d10028"", ""app/out/unbounded-l320/pilot/manifest.csv"": ""a3c533617ca6915bbefd65d81437884992dc2f03a9e0a09fafbcdadfe368ab54""}","{""app\\out\\unbounded-v6\\unbounded_bootstrap_samples.csv"": ""87e596d127c9dca786c8fe2bf94921e7fad8981106c8c17b48aa92311ee6f05d"", ""app\\out\\unbounded-v6\\unbounded_model_fits.csv"": ""d9d54aefc88cf70617aebc6a3cf5f10f83b9b4349cf135c97772593d85eab6ec"", ""app\\out\\unbounded-v6\\unbounded_predictions.csv"": ""a5898e6d0309f0b73533f39c9f8c9867d401fb88f8ac50c17802b5f0b3a51223"", ""app\\out\\unbounded-v6\\unbounded_size_summary.csv"": ""010f16bbc64c0a8c24779e92f3f7aaf2a68a3368fd46ac536b07b6eb1a020465""}",8afd49f08c4d5be00aa448accfc6e77aaf00387e,fixed before L=384 simulation
maximum_request_jump,zero_power,384,0.2627686462520421,0.26206745408404003,0.250506705067866,0.2741812404418653,0.2405022702814174,0.2850350222226668,8,320,8;12;16;24;32;48;64;96;128;192;256;320,8:200;12:200;16:200;24:200;32:200;48:200;64:200;96:400;128:400;192:50;256:20;320:20,0.0,0.4225709184269407,0.0798373133294384,0.0096220566145296,True,,0.0,False,0.0,0.0,0.955222193999932,"limit[0,1], amplitude[1e-12,10], power exponent[0.001,5], log exponent[0.001,10]",unchanged v6 fit; L=384 excluded,500,20260720,320,1.2,2026-07-20T20:25:38+09:00,"[""app/out/scaling-v1/manifest.csv"", ""app/out/scaling-v2-main/manifest.csv"", ""app/out/unbounded-l192/benchmark/manifest.csv"", ""app/out/unbounded-l192/pilot/manifest.csv"", ""app/out/unbounded-l192/main/manifest.csv"", ""app/out/unbounded-l256/benchmark/manifest.csv"", ""app/out/unbounded-l256/pilot/manifest.csv"", ""app/out/unbounded-l320/benchmark/manifest.csv"", ""app/out/unbounded-l320/pilot/manifest.csv""]","{""app/out/scaling-v1/manifest.csv"": ""7d96ad0637f4007a41e8905f448799bf5a0ca94d1507810455dcbe01d148e146"", ""app/out/scaling-v2-main/manifest.csv"": ""02ddd5711fe8b9d432d494c39777d7f9f055bb3cf5b6ad7b6b9297bef42c35a3"", ""app/out/unbounded-l192/benchmark/manifest.csv"": ""d08adccd0cbdc320693ab1e286f4eb5591a99a054a4ed2dda25f078b9217f6b5"", ""app/out/unbounded-l192/main/manifest.csv"": ""05a3eb69b4bc2ede238e9d5a58454fb64803e5e2b2f4d408294b664f6cf05ed4"", ""app/out/unbounded-l192/pilot/manifest.csv"": ""769e779e37336255ada4796c74a02d7303a7f1114d093bdad8158478dd5b622e"", ""app/out/unbounded-l256/benchmark/manifest.csv"": ""6eb143feb5f1d7a9482b267cf5f1a1da932ff5c82125620b88e968750721efb2"", ""app/out/unbounded-l256/pilot/manifest.csv"": ""b65ffe49d43b0888de26ae3931a1d6ef94752907437b0c97ac06127f71773b1c"", ""app/out/unbounded-l320/benchmark/manifest.csv"": ""8f4babf8f28305994817b95eff54ca82b81cc1372b805e44efc0dc80c0d10028"", ""app/out/unbounded-l320/pilot/manifest.csv"": ""a3c533617ca6915bbefd65d81437884992dc2f03a9e0a09fafbcdadfe368ab54""}","{""app\\out\\unbounded-v6\\unbounded_bootstrap_samples.csv"": ""87e596d127c9dca786c8fe2bf94921e7fad8981106c8c17b48aa92311ee6f05d"", ""app\\out\\unbounded-v6\\unbounded_model_fits.csv"": ""d9d54aefc88cf70617aebc6a3cf5f10f83b9b4349cf135c97772593d85eab6ec"", ""app\\out\\unbounded-v6\\unbounded_predictions.csv"": ""a5898e6d0309f0b73533f39c9f8c9867d401fb88f8ac50c17802b5f0b3a51223"", ""app\\out\\unbounded-v6\\unbounded_size_summary.csv"": ""010f16bbc64c0a8c24779e92f3f7aaf2a68a3368fd46ac536b07b6eb1a020465""}",8afd49f08c4d5be00aa448accfc6e77aaf00387e,fixed before L=384 simulation
request_event_p_after,finite_log,384,0.4302683234133372,0.43024073748158237,0.4264805372317418,0.4341304844659204,0.4218402658986256,0.4386963809280488,8,320,8;12;16;24;32;48;64;96;128;192;256;320,8:200;12:200;16:200;24:200;32:200;48:200;64:200;96:400;128:400;192:50;256:20;320:20,0.4232166473245534,0.3130513988061125,2.126775300259306,0.0038316880311991,True,,0.0,False,0.0,0.0,0.9776412489482682,"limit[0,1], amplitude[1e-12,10], power exponent[0.001,5], log exponent[0.001,10]",unchanged v6 fit; L=384 excluded,500,20260720,320,1.2,2026-07-20T20:25:38+09:00,"[""app/out/scaling-v1/manifest.csv"", ""app/out/scaling-v2-main/manifest.csv"", ""app/out/unbounded-l192/benchmark/manifest.csv"", ""app/out/unbounded-l192/pilot/manifest.csv"", ""app/out/unbounded-l192/main/manifest.csv"", ""app/out/unbounded-l256/benchmark/manifest.csv"", ""app/out/unbounded-l256/pilot/manifest.csv"", ""app/out/unbounded-l320/benchmark/manifest.csv"", ""app/out/unbounded-l320/pilot/manifest.csv""]","{""app/out/scaling-v1/manifest.csv"": ""7d96ad0637f4007a41e8905f448799bf5a0ca94d1507810455dcbe01d148e146"", ""app/out/scaling-v2-main/manifest.csv"": ""02ddd5711fe8b9d432d494c39777d7f9f055bb3cf5b6ad7b6b9297bef42c35a3"", ""app/out/unbounded-l192/benchmark/manifest.csv"": ""d08adccd0cbdc320693ab1e286f4eb5591a99a054a4ed2dda25f078b9217f6b5"", ""app/out/unbounded-l192/main/manifest.csv"": ""05a3eb69b4bc2ede238e9d5a58454fb64803e5e2b2f4d408294b664f6cf05ed4"", ""app/out/unbounded-l192/pilot/manifest.csv"": ""769e779e37336255ada4796c74a02d7303a7f1114d093bdad8158478dd5b622e"", ""app/out/unbounded-l256/benchmark/manifest.csv"": ""6eb143feb5f1d7a9482b267cf5f1a1da932ff5c82125620b88e968750721efb2"", ""app/out/unbounded-l256/pilot/manifest.csv"": ""b65ffe49d43b0888de26ae3931a1d6ef94752907437b0c97ac06127f71773b1c"", ""app/out/unbounded-l320/benchmark/manifest.csv"": ""8f4babf8f28305994817b95eff54ca82b81cc1372b805e44efc0dc80c0d10028"", ""app/out/unbounded-l320/pilot/manifest.csv"": ""a3c533617ca6915bbefd65d81437884992dc2f03a9e0a09fafbcdadfe368ab54""}","{""app\\out\\unbounded-v6\\unbounded_bootstrap_samples.csv"": ""87e596d127c9dca786c8fe2bf94921e7fad8981106c8c17b48aa92311ee6f05d"", ""app\\out\\unbounded-v6\\unbounded_model_fits.csv"": ""d9d54aefc88cf70617aebc6a3cf5f10f83b9b4349cf135c97772593d85eab6ec"", ""app\\out\\unbounded-v6\\unbounded_predictions.csv"": ""a5898e6d0309f0b73533f39c9f8c9867d401fb88f8ac50c17802b5f0b3a51223"", ""app\\out\\unbounded-v6\\unbounded_size_summary.csv"": ""010f16bbc64c0a8c24779e92f3f7aaf2a68a3368fd46ac536b07b6eb1a020465""}",8afd49f08c4d5be00aa448accfc6e77aaf00387e,fixed before L=384 simulation
request_event_p_after,finite_power,384,0.4313188578005447,0.4313220894657702,0.4276900182052137,0.4349187785831498,0.4238690221990254,0.438768693402064,8,320,8;12;16;24;32;48;64;96;128;192;256;320,8:200;12:200;16:200;24:200;32:200;48:200;64:200;96:400;128:400;192:50;256:20;320:20,0.4300523978120965,0.4635438192391864,0.9919391511971012,0.0033236303534508,True,,0.0,False,0.0,0.0,0.9828908659284874,"limit[0,1], amplitude[1e-12,10], power exponent[0.001,5], log exponent[0.001,10]",unchanged v6 fit; L=384 excluded,500,20260720,320,1.2,2026-07-20T20:25:38+09:00,"[""app/out/scaling-v1/manifest.csv"", ""app/out/scaling-v2-main/manifest.csv"", ""app/out/unbounded-l192/benchmark/manifest.csv"", ""app/out/unbounded-l192/pilot/manifest.csv"", ""app/out/unbounded-l192/main/manifest.csv"", ""app/out/unbounded-l256/benchmark/manifest.csv"", ""app/out/unbounded-l256/pilot/manifest.csv"", ""app/out/unbounded-l320/benchmark/manifest.csv"", ""app/out/unbounded-l320/pilot/manifest.csv""]","{""app/out/scaling-v1/manifest.csv"": ""7d96ad0637f4007a41e8905f448799bf5a0ca94d1507810455dcbe01d148e146"", ""app/out/scaling-v2-main/manifest.csv"": ""02ddd5711fe8b9d432d494c39777d7f9f055bb3cf5b6ad7b6b9297bef42c35a3"", ""app/out/unbounded-l192/benchmark/manifest.csv"": ""d08adccd0cbdc320693ab1e286f4eb5591a99a054a4ed2dda25f078b9217f6b5"", ""app/out/unbounded-l192/main/manifest.csv"": ""05a3eb69b4bc2ede238e9d5a58454fb64803e5e2b2f4d408294b664f6cf05ed4"", ""app/out/unbounded-l192/pilot/manifest.csv"": ""769e779e37336255ada4796c74a02d7303a7f1114d093bdad8158478dd5b622e"", ""app/out/unbounded-l256/benchmark/manifest.csv"": ""6eb143feb5f1d7a9482b267cf5f1a1da932ff5c82125620b88e968750721efb2"", ""app/out/unbounded-l256/pilot/manifest.csv"": ""b65ffe49d43b0888de26ae3931a1d6ef94752907437b0c97ac06127f71773b1c"", ""app/out/unbounded-l320/benchmark/manifest.csv"": ""8f4babf8f28305994817b95eff54ca82b81cc1372b805e44efc0dc80c0d10028"", ""app/out/unbounded-l320/pilot/manifest.csv"": ""a3c533617ca6915bbefd65d81437884992dc2f03a9e0a09fafbcdadfe368ab54""}","{""app\\out\\unbounded-v6\\unbounded_bootstrap_samples.csv"": ""87e596d127c9dca786c8fe2bf94921e7fad8981106c8c17b48aa92311ee6f05d"", ""app\\out\\unbounded-v6\\unbounded_model_fits.csv"": ""d9d54aefc88cf70617aebc6a3cf5f10f83b9b4349cf135c97772593d85eab6ec"", ""app\\out\\unbounded-v6\\unbounded_predictions.csv"": ""a5898e6d0309f0b73533f39c9f8c9867d401fb88f8ac50c17802b5f0b3a51223"", ""app\\out\\unbounded-v6\\unbounded_size_summary.csv"": ""010f16bbc64c0a8c24779e92f3f7aaf2a68a3368fd46ac536b07b6eb1a020465""}",8afd49f08c4d5be00aa448accfc6e77aaf00387e,fixed before L=384 simulation
request_event_p_after,zero_log,384,0.4238112007221649,0.4243457356089483,0.4204404106806463,0.428283038944702,0.4103067635310835,0.4373156379132463,8,320,8;12;16;24;32;48;64;96;128;192;256;320,8:200;12:200;16:200;24:200;32:200;48:200;64:200;96:400;128:400;192:50;256:20;320:20,0.0,0.5199511759916644,0.1146324256463642,0.0065931539588271,True,,0.0,False,0.0,0.0,0.971357381474308,"limit[0,1], amplitude[1e-12,10], power exponent[0.001,5], log exponent[0.001,10]",unchanged v6 fit; L=384 excluded,500,20260720,320,1.2,2026-07-20T20:25:38+09:00,"[""app/out/scaling-v1/manifest.csv"", ""app/out/scaling-v2-main/manifest.csv"", ""app/out/unbounded-l192/benchmark/manifest.csv"", ""app/out/unbounded-l192/pilot/manifest.csv"", ""app/out/unbounded-l192/main/manifest.csv"", ""app/out/unbounded-l256/benchmark/manifest.csv"", ""app/out/unbounded-l256/pilot/manifest.csv"", ""app/out/unbounded-l320/benchmark/manifest.csv"", ""app/out/unbounded-l320/pilot/manifest.csv""]","{""app/out/scaling-v1/manifest.csv"": ""7d96ad0637f4007a41e8905f448799bf5a0ca94d1507810455dcbe01d148e146"", ""app/out/scaling-v2-main/manifest.csv"": ""02ddd5711fe8b9d432d494c39777d7f9f055bb3cf5b6ad7b6b9297bef42c35a3"", ""app/out/unbounded-l192/benchmark/manifest.csv"": ""d08adccd0cbdc320693ab1e286f4eb5591a99a054a4ed2dda25f078b9217f6b5"", ""app/out/unbounded-l192/main/manifest.csv"": ""05a3eb69b4bc2ede238e9d5a58454fb64803e5e2b2f4d408294b664f6cf05ed4"", ""app/out/unbounded-l192/pilot/manifest.csv"": ""769e779e37336255ada4796c74a02d7303a7f1114d093bdad8158478dd5b622e"", ""app/out/unbounded-l256/benchmark/manifest.csv"": ""6eb143feb5f1d7a9482b267cf5f1a1da932ff5c82125620b88e968750721efb2"", ""app/out/unbounded-l256/pilot/manifest.csv"": ""b65ffe49d43b0888de26ae3931a1d6ef94752907437b0c97ac06127f71773b1c"", ""app/out/unbounded-l320/benchmark/manifest.csv"": ""8f4babf8f28305994817b95eff54ca82b81cc1372b805e44efc0dc80c0d10028"", ""app/out/unbounded-l320/pilot/manifest.csv"": ""a3c533617ca6915bbefd65d81437884992dc2f03a9e0a09fafbcdadfe368ab54""}","{""app\\out\\unbounded-v6\\unbounded_bootstrap_samples.csv"": ""87e596d127c9dca786c8fe2bf94921e7fad8981106c8c17b48aa92311ee6f05d"", ""app\\out\\unbounded-v6\\unbounded_model_fits.csv"": ""d9d54aefc88cf70617aebc6a3cf5f10f83b9b4349cf135c97772593d85eab6ec"", ""app\\out\\unbounded-v6\\unbounded_predictions.csv"": ""a5898e6d0309f0b73533f39c9f8c9867d401fb88f8ac50c17802b5f0b3a51223"", ""app\\out\\unbounded-v6\\unbounded_size_summary.csv"": ""010f16bbc64c0a8c24779e92f3f7aaf2a68a3368fd46ac536b07b6eb1a020465""}",8afd49f08c4d5be00aa448accfc6e77aaf00387e,fixed before L=384 simulation
request_event_p_after,zero_power,384,0.4213046011375378,0.42209322059345367,0.4174893499242609,0.4263449834114257,0.40371072630941607,0.43889847596565956,8,320,8;12;16;24;32;48;64;96;128;192;256;320,8:200;12:200;16:200;24:200;32:200;48:200;64:200;96:400;128:400;192:50;256:20;320:20,0.0,0.5013218334989519,0.0292224218362438,0.0086875466546389,True,,0.0,False,0.0,0.0,0.9576747260422964,"limit[0,1], amplitude[1e-12,10], power exponent[0.001,5], log exponent[0.001,10]",unchanged v6 fit; L=384 excluded,500,20260720,320,1.2,2026-07-20T20:25:38+09:00,"[""app/out/scaling-v1/manifest.csv"", ""app/out/scaling-v2-main/manifest.csv"", ""app/out/unbounded-l192/benchmark/manifest.csv"", ""app/out/unbounded-l192/pilot/manifest.csv"", ""app/out/unbounded-l192/main/manifest.csv"", ""app/out/unbounded-l256/benchmark/manifest.csv"", ""app/out/unbounded-l256/pilot/manifest.csv"", ""app/out/unbounded-l320/benchmark/manifest.csv"", ""app/out/unbounded-l320/pilot/manifest.csv""]","{""app/out/scaling-v1/manifest.csv"": ""7d96ad0637f4007a41e8905f448799bf5a0ca94d1507810455dcbe01d148e146"", ""app/out/scaling-v2-main/manifest.csv"": ""02ddd5711fe8b9d432d494c39777d7f9f055bb3cf5b6ad7b6b9297bef42c35a3"", ""app/out/unbounded-l192/benchmark/manifest.csv"": ""d08adccd0cbdc320693ab1e286f4eb5591a99a054a4ed2dda25f078b9217f6b5"", ""app/out/unbounded-l192/main/manifest.csv"": ""05a3eb69b4bc2ede238e9d5a58454fb64803e5e2b2f4d408294b664f6cf05ed4"", ""app/out/unbounded-l192/pilot/manifest.csv"": ""769e779e37336255ada4796c74a02d7303a7f1114d093bdad8158478dd5b622e"", ""app/out/unbounded-l256/benchmark/manifest.csv"": ""6eb143feb5f1d7a9482b267cf5f1a1da932ff5c82125620b88e968750721efb2"", ""app/out/unbounded-l256/pilot/manifest.csv"": ""b65ffe49d43b0888de26ae3931a1d6ef94752907437b0c97ac06127f71773b1c"", ""app/out/unbounded-l320/benchmark/manifest.csv"": ""8f4babf8f28305994817b95eff54ca82b81cc1372b805e44efc0dc80c0d10028"", ""app/out/unbounded-l320/pilot/manifest.csv"": ""a3c533617ca6915bbefd65d81437884992dc2f03a9e0a09fafbcdadfe368ab54""}","{""app\\out\\unbounded-v6\\unbounded_bootstrap_samples.csv"": ""87e596d127c9dca786c8fe2bf94921e7fad8981106c8c17b48aa92311ee6f05d"", ""app\\out\\unbounded-v6\\unbounded_model_fits.csv"": ""d9d54aefc88cf70617aebc6a3cf5f10f83b9b4349cf135c97772593d85eab6ec"", ""app\\out\\unbounded-v6\\unbounded_predictions.csv"": ""a5898e6d0309f0b73533f39c9f8c9867d401fb88f8ac50c17802b5f0b3a51223"", ""app\\out\\unbounded-v6\\unbounded_size_summary.csv"": ""010f16bbc64c0a8c24779e92f3f7aaf2a68a3368fd46ac536b07b6eb1a020465""}",8afd49f08c4d5be00aa448accfc6e77aaf00387e,fixed before L=384 simulation
request_event_p_dispersion,finite_log,384,0.0209055891594227,0.0201763051798245,0.0186969539941391,0.0217067300004455,0.014809040501733423,0.027002137817111978,8,320,8;12;16;24;32;48;64;96;128;192;256;320,8:200;12:200;16:200;24:200;32:200;48:200;64:200;96:400;128:400;192:50;256:20;320:20,7.468515264650173e-25,0.2777271609422821,1.4503077101697004,0.0030142318968405,True,,0.0,True,0.012,0.0,0.9769045369336228,"limit[0,1], amplitude[1e-12,10], power exponent[0.001,5], log exponent[0.001,10]",unchanged v6 fit; L=384 excluded,500,20260720,320,1.2,2026-07-20T20:25:38+09:00,"[""app/out/scaling-v1/manifest.csv"", ""app/out/scaling-v2-main/manifest.csv"", ""app/out/unbounded-l192/benchmark/manifest.csv"", ""app/out/unbounded-l192/pilot/manifest.csv"", ""app/out/unbounded-l192/main/manifest.csv"", ""app/out/unbounded-l256/benchmark/manifest.csv"", ""app/out/unbounded-l256/pilot/manifest.csv"", ""app/out/unbounded-l320/benchmark/manifest.csv"", ""app/out/unbounded-l320/pilot/manifest.csv""]","{""app/out/scaling-v1/manifest.csv"": ""7d96ad0637f4007a41e8905f448799bf5a0ca94d1507810455dcbe01d148e146"", ""app/out/scaling-v2-main/manifest.csv"": ""02ddd5711fe8b9d432d494c39777d7f9f055bb3cf5b6ad7b6b9297bef42c35a3"", ""app/out/unbounded-l192/benchmark/manifest.csv"": ""d08adccd0cbdc320693ab1e286f4eb5591a99a054a4ed2dda25f078b9217f6b5"", ""app/out/unbounded-l192/main/manifest.csv"": ""05a3eb69b4bc2ede238e9d5a58454fb64803e5e2b2f4d408294b664f6cf05ed4"", ""app/out/unbounded-l192/pilot/manifest.csv"": ""769e779e37336255ada4796c74a02d7303a7f1114d093bdad8158478dd5b622e"", ""app/out/unbounded-l256/benchmark/manifest.csv"": ""6eb143feb5f1d7a9482b267cf5f1a1da932ff5c82125620b88e968750721efb2"", ""app/out/unbounded-l256/pilot/manifest.csv"": ""b65ffe49d43b0888de26ae3931a1d6ef94752907437b0c97ac06127f71773b1c"", ""app/out/unbounded-l320/benchmark/manifest.csv"": ""8f4babf8f28305994817b95eff54ca82b81cc1372b805e44efc0dc80c0d10028"", ""app/out/unbounded-l320/pilot/manifest.csv"": ""a3c533617ca6915bbefd65d81437884992dc2f03a9e0a09fafbcdadfe368ab54""}","{""app\\out\\unbounded-v6\\unbounded_bootstrap_samples.csv"": ""87e596d127c9dca786c8fe2bf94921e7fad8981106c8c17b48aa92311ee6f05d"", ""app\\out\\unbounded-v6\\unbounded_model_fits.csv"": ""d9d54aefc88cf70617aebc6a3cf5f10f83b9b4349cf135c97772593d85eab6ec"", ""app\\out\\unbounded-v6\\unbounded_predictions.csv"": ""a5898e6d0309f0b73533f39c9f8c9867d401fb88f8ac50c17802b5f0b3a51223"", ""app\\out\\unbounded-v6\\unbounded_size_summary.csv"": ""010f16bbc64c0a8c24779e92f3f7aaf2a68a3368fd46ac536b07b6eb1a020465""}",8afd49f08c4d5be00aa448accfc6e77aaf00387e,fixed before L=384 simulation
request_event_p_dispersion,finite_power,384,0.0179508896312743,0.017498789170938576,0.0148632593592508,0.0207881788605306,0.013245673506228857,0.022656105756319746,8,320,8;12;16;24;32;48;64;96;128;192;256;320,8:200;12:200;16:200;24:200;32:200;48:200;64:200;96:400;128:400;192:50;256:20;320:20,0.006799406554223,0.2551871394139303,0.526064980031076,0.0018650657283542,True,,0.0,False,0.004,0.0,0.9557213713804358,"limit[0,1], amplitude[1e-12,10], power exponent[0.001,5], log exponent[0.001,10]",unchanged v6 fit; L=384 excluded,500,20260720,320,1.2,2026-07-20T20:25:38+09:00,"[""app/out/scaling-v1/manifest.csv"", ""app/out/scaling-v2-main/manifest.csv"", ""app/out/unbounded-l192/benchmark/manifest.csv"", ""app/out/unbounded-l192/pilot/manifest.csv"", ""app/out/unbounded-l192/main/manifest.csv"", ""app/out/unbounded-l256/benchmark/manifest.csv"", ""app/out/unbounded-l256/pilot/manifest.csv"", ""app/out/unbounded-l320/benchmark/manifest.csv"", ""app/out/unbounded-l320/pilot/manifest.csv""]","{""app/out/scaling-v1/manifest.csv"": ""7d96ad0637f4007a41e8905f448799bf5a0ca94d1507810455dcbe01d148e146"", ""app/out/scaling-v2-main/manifest.csv"": ""02ddd5711fe8b9d432d494c39777d7f9f055bb3cf5b6ad7b6b9297bef42c35a3"", ""app/out/unbounded-l192/benchmark/manifest.csv"": ""d08adccd0cbdc320693ab1e286f4eb5591a99a054a4ed2dda25f078b9217f6b5"", ""app/out/unbounded-l192/main/manifest.csv"": ""05a3eb69b4bc2ede238e9d5a58454fb64803e5e2b2f4d408294b664f6cf05ed4"", ""app/out/unbounded-l192/pilot/manifest.csv"": ""769e779e37336255ada4796c74a02d7303a7f1114d093bdad8158478dd5b622e"", ""app/out/unbounded-l256/benchmark/manifest.csv"": ""6eb143feb5f1d7a9482b267cf5f1a1da932ff5c82125620b88e968750721efb2"", ""app/out/unbounded-l256/pilot/manifest.csv"": ""b65ffe49d43b0888de26ae3931a1d6ef94752907437b0c97ac06127f71773b1c"", ""app/out/unbounded-l320/benchmark/manifest.csv"": ""8f4babf8f28305994817b95eff54ca82b81cc1372b805e44efc0dc80c0d10028"", ""app/out/unbounded-l320/pilot/manifest.csv"": ""a3c533617ca6915bbefd65d81437884992dc2f03a9e0a09fafbcdadfe368ab54""}","{""app\\out\\unbounded-v6\\unbounded_bootstrap_samples.csv"": ""87e596d127c9dca786c8fe2bf94921e7fad8981106c8c17b48aa92311ee6f05d"", ""app\\out\\unbounded-v6\\unbounded_model_fits.csv"": ""d9d54aefc88cf70617aebc6a3cf5f10f83b9b4349cf135c97772593d85eab6ec"", ""app\\out\\unbounded-v6\\unbounded_predictions.csv"": ""a5898e6d0309f0b73533f39c9f8c9867d401fb88f8ac50c17802b5f0b3a51223"", ""app\\out\\unbounded-v6\\unbounded_size_summary.csv"": ""010f16bbc64c0a8c24779e92f3f7aaf2a68a3368fd46ac536b07b6eb1a020465""}",8afd49f08c4d5be00aa448accfc6e77aaf00387e,fixed before L=384 simulation
request_event_p_dispersion,zero_log,384,0.0209055888606741,0.018976487236925892,0.0168974265124731,0.0207928845983213,0.014684908346599412,0.02712626937474879,8,320,8;12;16;24;32;48;64;96;128;192;256;320,8:200;12:200;16:200;24:200;32:200;48:200;64:200;96:400;128:400;192:50;256:20;320:20,0.0,0.2777271665091355,1.4503077294210116,0.0030142318968405,True,,0.0,False,0.0,0.0,0.961886302341408,"limit[0,1], amplitude[1e-12,10], power exponent[0.001,5], log exponent[0.001,10]",unchanged v6 fit; L=384 excluded,500,20260720,320,1.2,2026-07-20T20:25:38+09:00,"[""app/out/scaling-v1/manifest.csv"", ""app/out/scaling-v2-main/manifest.csv"", ""app/out/unbounded-l192/benchmark/manifest.csv"", ""app/out/unbounded-l192/pilot/manifest.csv"", ""app/out/unbounded-l192/main/manifest.csv"", ""app/out/unbounded-l256/benchmark/manifest.csv"", ""app/out/unbounded-l256/pilot/manifest.csv"", ""app/out/unbounded-l320/benchmark/manifest.csv"", ""app/out/unbounded-l320/pilot/manifest.csv""]","{""app/out/scaling-v1/manifest.csv"": ""7d96ad0637f4007a41e8905f448799bf5a0ca94d1507810455dcbe01d148e146"", ""app/out/scaling-v2-main/manifest.csv"": ""02ddd5711fe8b9d432d494c39777d7f9f055bb3cf5b6ad7b6b9297bef42c35a3"", ""app/out/unbounded-l192/benchmark/manifest.csv"": ""d08adccd0cbdc320693ab1e286f4eb5591a99a054a4ed2dda25f078b9217f6b5"", ""app/out/unbounded-l192/main/manifest.csv"": ""05a3eb69b4bc2ede238e9d5a58454fb64803e5e2b2f4d408294b664f6cf05ed4"", ""app/out/unbounded-l192/pilot/manifest.csv"": ""769e779e37336255ada4796c74a02d7303a7f1114d093bdad8158478dd5b622e"", ""app/out/unbounded-l256/benchmark/manifest.csv"": ""6eb143feb5f1d7a9482b267cf5f1a1da932ff5c82125620b88e968750721efb2"", ""app/out/unbounded-l256/pilot/manifest.csv"": ""b65ffe49d43b0888de26ae3931a1d6ef94752907437b0c97ac06127f71773b1c"", ""app/out/unbounded-l320/benchmark/manifest.csv"": ""8f4babf8f28305994817b95eff54ca82b81cc1372b805e44efc0dc80c0d10028"", ""app/out/unbounded-l320/pilot/manifest.csv"": ""a3c533617ca6915bbefd65d81437884992dc2f03a9e0a09fafbcdadfe368ab54""}","{""app\\out\\unbounded-v6\\unbounded_bootstrap_samples.csv"": ""87e596d127c9dca786c8fe2bf94921e7fad8981106c8c17b48aa92311ee6f05d"", ""app\\out\\unbounded-v6\\unbounded_model_fits.csv"": ""d9d54aefc88cf70617aebc6a3cf5f10f83b9b4349cf135c97772593d85eab6ec"", ""app\\out\\unbounded-v6\\unbounded_predictions.csv"": ""a5898e6d0309f0b73533f39c9f8c9867d401fb88f8ac50c17802b5f0b3a51223"", ""app\\out\\unbounded-v6\\unbounded_size_summary.csv"": ""010f16bbc64c0a8c24779e92f3f7aaf2a68a3368fd46ac536b07b6eb1a020465""}",8afd49f08c4d5be00aa448accfc6e77aaf00387e,fixed before L=384 simulation
request_event_p_dispersion,zero_power,384,0.0161665666441068,0.016652813876854838,0.0144426244808416,0.0186478287065976,0.011591131627340566,0.020742001660873033,8,320,8;12;16;24;32;48;64;96;128;192;256;320,8:200;12:200;16:200;24:200;32:200;48:200;64:200;96:400;128:400;192:50;256:20;320:20,0.0,0.2299514791367003,0.4461573654671074,0.0020733170960094,True,,0.0,False,0.0,0.0,0.956399954840868,"limit[0,1], amplitude[1e-12,10], power exponent[0.001,5], log exponent[0.001,10]",unchanged v6 fit; L=384 excluded,500,20260720,320,1.2,2026-07-20T20:25:38+09:00,"[""app/out/scaling-v1/manifest.csv"", ""app/out/scaling-v2-main/manifest.csv"", ""app/out/unbounded-l192/benchmark/manifest.csv"", ""app/out/unbounded-l192/pilot/manifest.csv"", ""app/out/unbounded-l192/main/manifest.csv"", ""app/out/unbounded-l256/benchmark/manifest.csv"", ""app/out/unbounded-l256/pilot/manifest.csv"", ""app/out/unbounded-l320/benchmark/manifest.csv"", ""app/out/unbounded-l320/pilot/manifest.csv""]","{""app/out/scaling-v1/manifest.csv"": ""7d96ad0637f4007a41e8905f448799bf5a0ca94d1507810455dcbe01d148e146"", ""app/out/scaling-v2-main/manifest.csv"": ""02ddd5711fe8b9d432d494c39777d7f9f055bb3cf5b6ad7b6b9297bef42c35a3"", ""app/out/unbounded-l192/benchmark/manifest.csv"": ""d08adccd0cbdc320693ab1e286f4eb5591a99a054a4ed2dda25f078b9217f6b5"", ""app/out/unbounded-l192/main/manifest.csv"": ""05a3eb69b4bc2ede238e9d5a58454fb64803e5e2b2f4d408294b664f6cf05ed4"", ""app/out/unbounded-l192/pilot/manifest.csv"": ""769e779e37336255ada4796c74a02d7303a7f1114d093bdad8158478dd5b622e"", ""app/out/unbounded-l256/benchmark/manifest.csv"": ""6eb143feb5f1d7a9482b267cf5f1a1da932ff5c82125620b88e968750721efb2"", ""app/out/unbounded-l256/pilot/manifest.csv"": ""b65ffe49d43b0888de26ae3931a1d6ef94752907437b0c97ac06127f71773b1c"", ""app/out/unbounded-l320/benchmark/manifest.csv"": ""8f4babf8f28305994817b95eff54ca82b81cc1372b805e44efc0dc80c0d10028"", ""app/out/unbounded-l320/pilot/manifest.csv"": ""a3c533617ca6915bbefd65d81437884992dc2f03a9e0a09fafbcdadfe368ab54""}","{""app\\out\\unbounded-v6\\unbounded_bootstrap_samples.csv"": ""87e596d127c9dca786c8fe2bf94921e7fad8981106c8c17b48aa92311ee6f05d"", ""app\\out\\unbounded-v6\\unbounded_model_fits.csv"": ""d9d54aefc88cf70617aebc6a3cf5f10f83b9b4349cf135c97772593d85eab6ec"", ""app\\out\\unbounded-v6\\unbounded_predictions.csv"": ""a5898e6d0309f0b73533f39c9f8c9867d401fb88f8ac50c17802b5f0b3a51223"", ""app\\out\\unbounded-v6\\unbounded_size_summary.csv"": ""010f16bbc64c0a8c24779e92f3f7aaf2a68a3368fd46ac536b07b6eb1a020465""}",8afd49f08c4d5be00aa448accfc6e77aaf00387e,fixed before L=384 simulation
transition_delta_p,finite_log,384,0.2665388783738884,0.2665522117582504,0.2626650925749707,0.2822523896244513,0.23362290602685137,0.2994548507209254,8,320,8;12;16;24;32;48;64;96;128;192;256;320,8:200;12:200;16:200;24:200;32:200;48:200;64:200;96:400;128:400;192:50;256:20;320:20,9.507115584216804e-15,0.3236728398823605,0.1088944326554152,0.0160332855118873,True,,0.0,True,0.272,0.0,0.9999964079058266,"limit[0,1], amplitude[1e-12,10], power exponent[0.001,5], log exponent[0.001,10]",unchanged v6 fit; L=384 excluded,500,20260720,320,1.2,2026-07-20T20:25:38+09:00,"[""app/out/scaling-v1/manifest.csv"", ""app/out/scaling-v2-main/manifest.csv"", ""app/out/unbounded-l192/benchmark/manifest.csv"", ""app/out/unbounded-l192/pilot/manifest.csv"", ""app/out/unbounded-l192/main/manifest.csv"", ""app/out/unbounded-l256/benchmark/manifest.csv"", ""app/out/unbounded-l256/pilot/manifest.csv"", ""app/out/unbounded-l320/benchmark/manifest.csv"", ""app/out/unbounded-l320/pilot/manifest.csv""]","{""app/out/scaling-v1/manifest.csv"": ""7d96ad0637f4007a41e8905f448799bf5a0ca94d1507810455dcbe01d148e146"", ""app/out/scaling-v2-main/manifest.csv"": ""02ddd5711fe8b9d432d494c39777d7f9f055bb3cf5b6ad7b6b9297bef42c35a3"", ""app/out/unbounded-l192/benchmark/manifest.csv"": ""d08adccd0cbdc320693ab1e286f4eb5591a99a054a4ed2dda25f078b9217f6b5"", ""app/out/unbounded-l192/main/manifest.csv"": ""05a3eb69b4bc2ede238e9d5a58454fb64803e5e2b2f4d408294b664f6cf05ed4"", ""app/out/unbounded-l192/pilot/manifest.csv"": ""769e779e37336255ada4796c74a02d7303a7f1114d093bdad8158478dd5b622e"", ""app/out/unbounded-l256/benchmark/manifest.csv"": ""6eb143feb5f1d7a9482b267cf5f1a1da932ff5c82125620b88e968750721efb2"", ""app/out/unbounded-l256/pilot/manifest.csv"": ""b65ffe49d43b0888de26ae3931a1d6ef94752907437b0c97ac06127f71773b1c"", ""app/out/unbounded-l320/benchmark/manifest.csv"": ""8f4babf8f28305994817b95eff54ca82b81cc1372b805e44efc0dc80c0d10028"", ""app/out/unbounded-l320/pilot/manifest.csv"": ""a3c533617ca6915bbefd65d81437884992dc2f03a9e0a09fafbcdadfe368ab54""}","{""app\\out\\unbounded-v6\\unbounded_bootstrap_samples.csv"": ""87e596d127c9dca786c8fe2bf94921e7fad8981106c8c17b48aa92311ee6f05d"", ""app\\out\\unbounded-v6\\unbounded_model_fits.csv"": ""d9d54aefc88cf70617aebc6a3cf5f10f83b9b4349cf135c97772593d85eab6ec"", ""app\\out\\unbounded-v6\\unbounded_predictions.csv"": ""a5898e6d0309f0b73533f39c9f8c9867d401fb88f8ac50c17802b5f0b3a51223"", ""app\\out\\unbounded-v6\\unbounded_size_summary.csv"": ""010f16bbc64c0a8c24779e92f3f7aaf2a68a3368fd46ac536b07b6eb1a020465""}",8afd49f08c4d5be00aa448accfc6e77aaf00387e,fixed before L=384 simulation
transition_delta_p,finite_power,384,0.2608490486201449,0.27914248534618624,0.2564158711847482,0.2824691329234519,0.22950773928007323,0.2921903579602166,8,320,8;12;16;24;32;48;64;96;128;192;256;320,8:200;12:200;16:200;24:200;32:200;48:200;64:200;96:400;128:400;192:50;256:20;320:20,2.9105297342309715e-19,0.3226948625935456,0.0357550121267133,0.014543810641785,True,,0.0,True,0.52,0.0,0.9999952503313329,"limit[0,1], amplitude[1e-12,10], power exponent[0.001,5], log exponent[0.001,10]",unchanged v6 fit; L=384 excluded,500,20260720,320,1.2,2026-07-20T20:25:38+09:00,"[""app/out/scaling-v1/manifest.csv"", ""app/out/scaling-v2-main/manifest.csv"", ""app/out/unbounded-l192/benchmark/manifest.csv"", ""app/out/unbounded-l192/pilot/manifest.csv"", ""app/out/unbounded-l192/main/manifest.csv"", ""app/out/unbounded-l256/benchmark/manifest.csv"", ""app/out/unbounded-l256/pilot/manifest.csv"", ""app/out/unbounded-l320/benchmark/manifest.csv"", ""app/out/unbounded-l320/pilot/manifest.csv""]","{""app/out/scaling-v1/manifest.csv"": ""7d96ad0637f4007a41e8905f448799bf5a0ca94d1507810455dcbe01d148e146"", ""app/out/scaling-v2-main/manifest.csv"": ""02ddd5711fe8b9d432d494c39777d7f9f055bb3cf5b6ad7b6b9297bef42c35a3"", ""app/out/unbounded-l192/benchmark/manifest.csv"": ""d08adccd0cbdc320693ab1e286f4eb5591a99a054a4ed2dda25f078b9217f6b5"", ""app/out/unbounded-l192/main/manifest.csv"": ""05a3eb69b4bc2ede238e9d5a58454fb64803e5e2b2f4d408294b664f6cf05ed4"", ""app/out/unbounded-l192/pilot/manifest.csv"": ""769e779e37336255ada4796c74a02d7303a7f1114d093bdad8158478dd5b622e"", ""app/out/unbounded-l256/benchmark/manifest.csv"": ""6eb143feb5f1d7a9482b267cf5f1a1da932ff5c82125620b88e968750721efb2"", ""app/out/unbounded-l256/pilot/manifest.csv"": ""b65ffe49d43b0888de26ae3931a1d6ef94752907437b0c97ac06127f71773b1c"", ""app/out/unbounded-l320/benchmark/manifest.csv"": ""8f4babf8f28305994817b95eff54ca82b81cc1372b805e44efc0dc80c0d10028"", ""app/out/unbounded-l320/pilot/manifest.csv"": ""a3c533617ca6915bbefd65d81437884992dc2f03a9e0a09fafbcdadfe368ab54""}","{""app\\out\\unbounded-v6\\unbounded_bootstrap_samples.csv"": ""87e596d127c9dca786c8fe2bf94921e7fad8981106c8c17b48aa92311ee6f05d"", ""app\\out\\unbounded-v6\\unbounded_model_fits.csv"": ""d9d54aefc88cf70617aebc6a3cf5f10f83b9b4349cf135c97772593d85eab6ec"", ""app\\out\\unbounded-v6\\unbounded_predictions.csv"": ""a5898e6d0309f0b73533f39c9f8c9867d401fb88f8ac50c17802b5f0b3a51223"", ""app\\out\\unbounded-v6\\unbounded_size_summary.csv"": ""010f16bbc64c0a8c24779e92f3f7aaf2a68a3368fd46ac536b07b6eb1a020465""}",8afd49f08c4d5be00aa448accfc6e77aaf00387e,fixed before L=384 simulation
transition_delta_p,zero_log,384,0.266538887694567,0.2649250536979131,0.2609197581498757,0.268938674735155,0.23485890284726557,0.29821887254186846,8,320,8;12;16;24;32;48;64;96;128;192;256;320,8:200;12:200;16:200;24:200;32:200;48:200;64:200;96:400;128:400;192:50;256:20;320:20,0.0,0.3236728079512173,0.1088943577342334,0.0160332855118879,True,,0.0,False,0.0,0.0,0.971441004296048,"limit[0,1], amplitude[1e-12,10], power exponent[0.001,5], log exponent[0.001,10]",unchanged v6 fit; L=384 excluded,500,20260720,320,1.2,2026-07-20T20:25:38+09:00,"[""app/out/scaling-v1/manifest.csv"", ""app/out/scaling-v2-main/manifest.csv"", ""app/out/unbounded-l192/benchmark/manifest.csv"", ""app/out/unbounded-l192/pilot/manifest.csv"", ""app/out/unbounded-l192/main/manifest.csv"", ""app/out/unbounded-l256/benchmark/manifest.csv"", ""app/out/unbounded-l256/pilot/manifest.csv"", ""app/out/unbounded-l320/benchmark/manifest.csv"", ""app/out/unbounded-l320/pilot/manifest.csv""]","{""app/out/scaling-v1/manifest.csv"": ""7d96ad0637f4007a41e8905f448799bf5a0ca94d1507810455dcbe01d148e146"", ""app/out/scaling-v2-main/manifest.csv"": ""02ddd5711fe8b9d432d494c39777d7f9f055bb3cf5b6ad7b6b9297bef42c35a3"", ""app/out/unbounded-l192/benchmark/manifest.csv"": ""d08adccd0cbdc320693ab1e286f4eb5591a99a054a4ed2dda25f078b9217f6b5"", ""app/out/unbounded-l192/main/manifest.csv"": ""05a3eb69b4bc2ede238e9d5a58454fb64803e5e2b2f4d408294b664f6cf05ed4"", ""app/out/unbounded-l192/pilot/manifest.csv"": ""769e779e37336255ada4796c74a02d7303a7f1114d093bdad8158478dd5b622e"", ""app/out/unbounded-l256/benchmark/manifest.csv"": ""6eb143feb5f1d7a9482b267cf5f1a1da932ff5c82125620b88e968750721efb2"", ""app/out/unbounded-l256/pilot/manifest.csv"": ""b65ffe49d43b0888de26ae3931a1d6ef94752907437b0c97ac06127f71773b1c"", ""app/out/unbounded-l320/benchmark/manifest.csv"": ""8f4babf8f28305994817b95eff54ca82b81cc1372b805e44efc0dc80c0d10028"", ""app/out/unbounded-l320/pilot/manifest.csv"": ""a3c533617ca6915bbefd65d81437884992dc2f03a9e0a09fafbcdadfe368ab54""}","{""app\\out\\unbounded-v6\\unbounded_bootstrap_samples.csv"": ""87e596d127c9dca786c8fe2bf94921e7fad8981106c8c17b48aa92311ee6f05d"", ""app\\out\\unbounded-v6\\unbounded_model_fits.csv"": ""d9d54aefc88cf70617aebc6a3cf5f10f83b9b4349cf135c97772593d85eab6ec"", ""app\\out\\unbounded-v6\\unbounded_predictions.csv"": ""a5898e6d0309f0b73533f39c9f8c9867d401fb88f8ac50c17802b5f0b3a51223"", ""app\\out\\unbounded-v6\\unbounded_size_summary.csv"": ""010f16bbc64c0a8c24779e92f3f7aaf2a68a3368fd46ac536b07b6eb1a020465""}",8afd49f08c4d5be00aa448accfc6e77aaf00387e,fixed before L=384 simulation
transition_delta_p,zero_power,384,0.2608490546350464,0.2590513067581224,0.2546173306365003,0.2638311804270611,0.23197331540062135,0.28972479386947136,8,320,8;12;16;24;32;48;64;96;128;192;256;320,8:200;12:200;16:200;24:200;32:200;48:200;64:200;96:400;128:400;192:50;256:20;320:20,0.0,0.3226948484204618,0.0357550008707952,0.0145438106417854,True,,0.0,False,0.0,0.0,0.957329855480454,"limit[0,1], amplitude[1e-12,10], power exponent[0.001,5], log exponent[0.001,10]",unchanged v6 fit; L=384 excluded,500,20260720,320,1.2,2026-07-20T20:25:38+09:00,"[""app/out/scaling-v1/manifest.csv"", ""app/out/scaling-v2-main/manifest.csv"", ""app/out/unbounded-l192/benchmark/manifest.csv"", ""app/out/unbounded-l192/pilot/manifest.csv"", ""app/out/unbounded-l192/main/manifest.csv"", ""app/out/unbounded-l256/benchmark/manifest.csv"", ""app/out/unbounded-l256/pilot/manifest.csv"", ""app/out/unbounded-l320/benchmark/manifest.csv"", ""app/out/unbounded-l320/pilot/manifest.csv""]","{""app/out/scaling-v1/manifest.csv"": ""7d96ad0637f4007a41e8905f448799bf5a0ca94d1507810455dcbe01d148e146"", ""app/out/scaling-v2-main/manifest.csv"": ""02ddd5711fe8b9d432d494c39777d7f9f055bb3cf5b6ad7b6b9297bef42c35a3"", ""app/out/unbounded-l192/benchmark/manifest.csv"": ""d08adccd0cbdc320693ab1e286f4eb5591a99a054a4ed2dda25f078b9217f6b5"", ""app/out/unbounded-l192/main/manifest.csv"": ""05a3eb69b4bc2ede238e9d5a58454fb64803e5e2b2f4d408294b664f6cf05ed4"", ""app/out/unbounded-l192/pilot/manifest.csv"": ""769e779e37336255ada4796c74a02d7303a7f1114d093bdad8158478dd5b622e"", ""app/out/unbounded-l256/benchmark/manifest.csv"": ""6eb143feb5f1d7a9482b267cf5f1a1da932ff5c82125620b88e968750721efb2"", ""app/out/unbounded-l256/pilot/manifest.csv"": ""b65ffe49d43b0888de26ae3931a1d6ef94752907437b0c97ac06127f71773b1c"", ""app/out/unbounded-l320/benchmark/manifest.csv"": ""8f4babf8f28305994817b95eff54ca82b81cc1372b805e44efc0dc80c0d10028"", ""app/out/unbounded-l320/pilot/manifest.csv"": ""a3c533617ca6915bbefd65d81437884992dc2f03a9e0a09fafbcdadfe368ab54""}","{""app\\out\\unbounded-v6\\unbounded_bootstrap_samples.csv"": ""87e596d127c9dca786c8fe2bf94921e7fad8981106c8c17b48aa92311ee6f05d"", ""app\\out\\unbounded-v6\\unbounded_model_fits.csv"": ""d9d54aefc88cf70617aebc6a3cf5f10f83b9b4349cf135c97772593d85eab6ec"", ""app\\out\\unbounded-v6\\unbounded_predictions.csv"": ""a5898e6d0309f0b73533f39c9f8c9867d401fb88f8ac50c17802b5f0b3a51223"", ""app\\out\\unbounded-v6\\unbounded_size_summary.csv"": ""010f16bbc64c0a8c24779e92f3f7aaf2a68a3368fd46ac536b07b6eb1a020465""}",8afd49f08c4d5be00aa448accfc6e77aaf00387e,fixed before L=384 simulation
transition_delta_t_normalized,finite_log,384,0.0005192241373492,0.0003689339874396929,0.0003282222552616,0.0004122051067549,-0.000844938094035969,0.001883386368734369,8,320,8;12;16;24;32;48;64;96;128;192;256;320,8:200;12:200;16:200;24:200;32:200;48:200;64:200;96:400;128:400;192:50;256:20;320:20,1.5144276343926024e-19,0.2661220361864199,3.498389341164281,0.0006956713221998,True,,0.0,True,0.168,0.0,0.988099084766862,"limit[0,1], amplitude[1e-12,10], power exponent[0.001,5], log exponent[0.001,10]",unchanged v6 fit; L=384 excluded,500,20260720,320,1.2,2026-07-20T20:25:38+09:00,"[""app/out/scaling-v1/manifest.csv"", ""app/out/scaling-v2-main/manifest.csv"", ""app/out/unbounded-l192/benchmark/manifest.csv"", ""app/out/unbounded-l192/pilot/manifest.csv"", ""app/out/unbounded-l192/main/manifest.csv"", ""app/out/unbounded-l256/benchmark/manifest.csv"", ""app/out/unbounded-l256/pilot/manifest.csv"", ""app/out/unbounded-l320/benchmark/manifest.csv"", ""app/out/unbounded-l320/pilot/manifest.csv""]","{""app/out/scaling-v1/manifest.csv"": ""7d96ad0637f4007a41e8905f448799bf5a0ca94d1507810455dcbe01d148e146"", ""app/out/scaling-v2-main/manifest.csv"": ""02ddd5711fe8b9d432d494c39777d7f9f055bb3cf5b6ad7b6b9297bef42c35a3"", ""app/out/unbounded-l192/benchmark/manifest.csv"": ""d08adccd0cbdc320693ab1e286f4eb5591a99a054a4ed2dda25f078b9217f6b5"", ""app/out/unbounded-l192/main/manifest.csv"": ""05a3eb69b4bc2ede238e9d5a58454fb64803e5e2b2f4d408294b664f6cf05ed4"", ""app/out/unbounded-l192/pilot/manifest.csv"": ""769e779e37336255ada4796c74a02d7303a7f1114d093bdad8158478dd5b622e"", ""app/out/unbounded-l256/benchmark/manifest.csv"": ""6eb143feb5f1d7a9482b267cf5f1a1da932ff5c82125620b88e968750721efb2"", ""app/out/unbounded-l256/pilot/manifest.csv"": ""b65ffe49d43b0888de26ae3931a1d6ef94752907437b0c97ac06127f71773b1c"", ""app/out/unbounded-l320/benchmark/manifest.csv"": ""8f4babf8f28305994817b95eff54ca82b81cc1372b805e44efc0dc80c0d10028"", ""app/out/unbounded-l320/pilot/manifest.csv"": ""a3c533617ca6915bbefd65d81437884992dc2f03a9e0a09fafbcdadfe368ab54""}","{""app\\out\\unbounded-v6\\unbounded_bootstrap_samples.csv"": ""87e596d127c9dca786c8fe2bf94921e7fad8981106c8c17b48aa92311ee6f05d"", ""app\\out\\unbounded-v6\\unbounded_model_fits.csv"": ""d9d54aefc88cf70617aebc6a3cf5f10f83b9b4349cf135c97772593d85eab6ec"", ""app\\out\\unbounded-v6\\unbounded_predictions.csv"": ""a5898e6d0309f0b73533f39c9f8c9867d401fb88f8ac50c17802b5f0b3a51223"", ""app\\out\\unbounded-v6\\unbounded_size_summary.csv"": ""010f16bbc64c0a8c24779e92f3f7aaf2a68a3368fd46ac536b07b6eb1a020465""}",8afd49f08c4d5be00aa448accfc6e77aaf00387e,fixed before L=384 simulation
transition_delta_t_normalized,finite_power,384,0.0001336782939495,0.00010941518044895108,9.044212719382818e-05,0.0001323159380607,-0.0003154150229259489,0.0005827716108249489,8,320,8;12;16;24;32;48;64;96;128;192;256;320,8:200;12:200;16:200;24:200;32:200;48:200;64:200;96:400;128:400;192:50;256:20;320:20,2.198198976231251e-22,0.296125852739591,1.2944994815322544,0.0002288801061511,True,,0.0,True,0.084,0.0,0.9881713701510448,"limit[0,1], amplitude[1e-12,10], power exponent[0.001,5], log exponent[0.001,10]",unchanged v6 fit; L=384 excluded,500,20260720,320,1.2,2026-07-20T20:25:38+09:00,"[""app/out/scaling-v1/manifest.csv"", ""app/out/scaling-v2-main/manifest.csv"", ""app/out/unbounded-l192/benchmark/manifest.csv"", ""app/out/unbounded-l192/pilot/manifest.csv"", ""app/out/unbounded-l192/main/manifest.csv"", ""app/out/unbounded-l256/benchmark/manifest.csv"", ""app/out/unbounded-l256/pilot/manifest.csv"", ""app/out/unbounded-l320/benchmark/manifest.csv"", ""app/out/unbounded-l320/pilot/manifest.csv""]","{""app/out/scaling-v1/manifest.csv"": ""7d96ad0637f4007a41e8905f448799bf5a0ca94d1507810455dcbe01d148e146"", ""app/out/scaling-v2-main/manifest.csv"": ""02ddd5711fe8b9d432d494c39777d7f9f055bb3cf5b6ad7b6b9297bef42c35a3"", ""app/out/unbounded-l192/benchmark/manifest.csv"": ""d08adccd0cbdc320693ab1e286f4eb5591a99a054a4ed2dda25f078b9217f6b5"", ""app/out/unbounded-l192/main/manifest.csv"": ""05a3eb69b4bc2ede238e9d5a58454fb64803e5e2b2f4d408294b664f6cf05ed4"", ""app/out/unbounded-l192/pilot/manifest.csv"": ""769e779e37336255ada4796c74a02d7303a7f1114d093bdad8158478dd5b622e"", ""app/out/unbounded-l256/benchmark/manifest.csv"": ""6eb143feb5f1d7a9482b267cf5f1a1da932ff5c82125620b88e968750721efb2"", ""app/out/unbounded-l256/pilot/manifest.csv"": ""b65ffe49d43b0888de26ae3931a1d6ef94752907437b0c97ac06127f71773b1c"", ""app/out/unbounded-l320/benchmark/manifest.csv"": ""8f4babf8f28305994817b95eff54ca82b81cc1372b805e44efc0dc80c0d10028"", ""app/out/unbounded-l320/pilot/manifest.csv"": ""a3c533617ca6915bbefd65d81437884992dc2f03a9e0a09fafbcdadfe368ab54""}","{""app\\out\\unbounded-v6\\unbounded_bootstrap_samples.csv"": ""87e596d127c9dca786c8fe2bf94921e7fad8981106c8c17b48aa92311ee6f05d"", ""app\\out\\unbounded-v6\\unbounded_model_fits.csv"": ""d9d54aefc88cf70617aebc6a3cf5f10f83b9b4349cf135c97772593d85eab6ec"", ""app\\out\\unbounded-v6\\unbounded_predictions.csv"": ""a5898e6d0309f0b73533f39c9f8c9867d401fb88f8ac50c17802b5f0b3a51223"", ""app\\out\\unbounded-v6\\unbounded_size_summary.csv"": ""010f16bbc64c0a8c24779e92f3f7aaf2a68a3368fd46ac536b07b6eb1a020465""}",8afd49f08c4d5be00aa448accfc6e77aaf00387e,fixed before L=384 simulation
transition_delta_t_normalized,zero_log,384,0.0005192161111058,0.00010577708520904478,0.0001017022496142,0.0001101287236981,-0.0008443061903997268,0.0018827384126113267,8,320,8;12;16;24;32;48;64;96;128;192;256;320,8:200;12:200;16:200;24:200;32:200;48:200;64:200;96:400;128:400;192:50;256:20;320:20,0.0,0.2661256041472519,3.498405525871757,0.0006956713225057,True,,0.0,False,0.0,0.0,0.9820572170781312,"limit[0,1], amplitude[1e-12,10], power exponent[0.001,5], log exponent[0.001,10]",unchanged v6 fit; L=384 excluded,500,20260720,320,1.2,2026-07-20T20:25:38+09:00,"[""app/out/scaling-v1/manifest.csv"", ""app/out/scaling-v2-main/manifest.csv"", ""app/out/unbounded-l192/benchmark/manifest.csv"", ""app/out/unbounded-l192/pilot/manifest.csv"", ""app/out/unbounded-l192/main/manifest.csv"", ""app/out/unbounded-l256/benchmark/manifest.csv"", ""app/out/unbounded-l256/pilot/manifest.csv"", ""app/out/unbounded-l320/benchmark/manifest.csv"", ""app/out/unbounded-l320/pilot/manifest.csv""]","{""app/out/scaling-v1/manifest.csv"": ""7d96ad0637f4007a41e8905f448799bf5a0ca94d1507810455dcbe01d148e146"", ""app/out/scaling-v2-main/manifest.csv"": ""02ddd5711fe8b9d432d494c39777d7f9f055bb3cf5b6ad7b6b9297bef42c35a3"", ""app/out/unbounded-l192/benchmark/manifest.csv"": ""d08adccd0cbdc320693ab1e286f4eb5591a99a054a4ed2dda25f078b9217f6b5"", ""app/out/unbounded-l192/main/manifest.csv"": ""05a3eb69b4bc2ede238e9d5a58454fb64803e5e2b2f4d408294b664f6cf05ed4"", ""app/out/unbounded-l192/pilot/manifest.csv"": ""769e779e37336255ada4796c74a02d7303a7f1114d093bdad8158478dd5b622e"", ""app/out/unbounded-l256/benchmark/manifest.csv"": ""6eb143feb5f1d7a9482b267cf5f1a1da932ff5c82125620b88e968750721efb2"", ""app/out/unbounded-l256/pilot/manifest.csv"": ""b65ffe49d43b0888de26ae3931a1d6ef94752907437b0c97ac06127f71773b1c"", ""app/out/unbounded-l320/benchmark/manifest.csv"": ""8f4babf8f28305994817b95eff54ca82b81cc1372b805e44efc0dc80c0d10028"", ""app/out/unbounded-l320/pilot/manifest.csv"": ""a3c533617ca6915bbefd65d81437884992dc2f03a9e0a09fafbcdadfe368ab54""}","{""app\\out\\unbounded-v6\\unbounded_bootstrap_samples.csv"": ""87e596d127c9dca786c8fe2bf94921e7fad8981106c8c17b48aa92311ee6f05d"", ""app\\out\\unbounded-v6\\unbounded_model_fits.csv"": ""d9d54aefc88cf70617aebc6a3cf5f10f83b9b4349cf135c97772593d85eab6ec"", ""app\\out\\unbounded-v6\\unbounded_predictions.csv"": ""a5898e6d0309f0b73533f39c9f8c9867d401fb88f8ac50c17802b5f0b3a51223"", ""app\\out\\unbounded-v6\\unbounded_size_summary.csv"": ""010f16bbc64c0a8c24779e92f3f7aaf2a68a3368fd46ac536b07b6eb1a020465""}",8afd49f08c4d5be00aa448accfc6e77aaf00387e,fixed before L=384 simulation
transition_delta_t_normalized,zero_power,384,0.0001336782455288,6.407475885715556e-05,6.117717211254222e-05,6.715858608856597e-05,-0.0003149367314635865,0.0005822932225211866,8,320,8;12;16;24;32;48;64;96;128;192;256;320,8:200;12:200;16:200;24:200;32:200;48:200;64:200;96:400;128:400;192:50;256:20;320:20,0.0,0.2961259213881861,1.2944995813602225,0.0002288801061514,True,,0.0,False,0.0,0.0,0.9867172564878344,"limit[0,1], amplitude[1e-12,10], power exponent[0.001,5], log exponent[0.001,10]",unchanged v6 fit; L=384 excluded,500,20260720,320,1.2,2026-07-20T20:25:38+09:00,"[""app/out/scaling-v1/manifest.csv"", ""app/out/scaling-v2-main/manifest.csv"", ""app/out/unbounded-l192/benchmark/manifest.csv"", ""app/out/unbounded-l192/pilot/manifest.csv"", ""app/out/unbounded-l192/main/manifest.csv"", ""app/out/unbounded-l256/benchmark/manifest.csv"", ""app/out/unbounded-l256/pilot/manifest.csv"", ""app/out/unbounded-l320/benchmark/manifest.csv"", ""app/out/unbounded-l320/pilot/manifest.csv""]","{""app/out/scaling-v1/manifest.csv"": ""7d96ad0637f4007a41e8905f448799bf5a0ca94d1507810455dcbe01d148e146"", ""app/out/scaling-v2-main/manifest.csv"": ""02ddd5711fe8b9d432d494c39777d7f9f055bb3cf5b6ad7b6b9297bef42c35a3"", ""app/out/unbounded-l192/benchmark/manifest.csv"": ""d08adccd0cbdc320693ab1e286f4eb5591a99a054a4ed2dda25f078b9217f6b5"", ""app/out/unbounded-l192/main/manifest.csv"": ""05a3eb69b4bc2ede238e9d5a58454fb64803e5e2b2f4d408294b664f6cf05ed4"", ""app/out/unbounded-l192/pilot/manifest.csv"": ""769e779e37336255ada4796c74a02d7303a7f1114d093bdad8158478dd5b622e"", ""app/out/unbounded-l256/benchmark/manifest.csv"": ""6eb143feb5f1d7a9482b267cf5f1a1da932ff5c82125620b88e968750721efb2"", ""app/out/unbounded-l256/pilot/manifest.csv"": ""b65ffe49d43b0888de26ae3931a1d6ef94752907437b0c97ac06127f71773b1c"", ""app/out/unbounded-l320/benchmark/manifest.csv"": ""8f4babf8f28305994817b95eff54ca82b81cc1372b805e44efc0dc80c0d10028"", ""app/out/unbounded-l320/pilot/manifest.csv"": ""a3c533617ca6915bbefd65d81437884992dc2f03a9e0a09fafbcdadfe368ab54""}","{""app\\out\\unbounded-v6\\unbounded_bootstrap_samples.csv"": ""87e596d127c9dca786c8fe2bf94921e7fad8981106c8c17b48aa92311ee6f05d"", ""app\\out\\unbounded-v6\\unbounded_model_fits.csv"": ""d9d54aefc88cf70617aebc6a3cf5f10f83b9b4349cf135c97772593d85eab6ec"", ""app\\out\\unbounded-v6\\unbounded_predictions.csv"": ""a5898e6d0309f0b73533f39c9f8c9867d401fb88f8ac50c17802b5f0b3a51223"", ""app\\out\\unbounded-v6\\unbounded_size_summary.csv"": ""010f16bbc64c0a8c24779e92f3f7aaf2a68a3368fd46ac536b07b6eb1a020465""}",8afd49f08c4d5be00aa448accfc6e77aaf00387e,fixed before L=384 simulation
