L,runs,maximum_request_jump_mean,maximum_request_jump_sd,maximum_request_jump_sem,maximum_request_jump_bootstrap_ci95_low,maximum_request_jump_bootstrap_ci95_high,transition_delta_p,transition_delta_t_normalized,request_event_p_after,std_p_mid,S_peak,analysis_version,source
8,200,0.36953125,0.10543712011754165,0.0074555302623894254,0.355390625,0.38422070312499995,0.27290178571428575,0.019881591796875,0.48566964285714276,0.09216494278473646,9.30899871174458,v7,scaling-v2/v4/v5/v6/v7 integrated manifests
12,200,0.3339236111111111,0.09712939629158934,0.006868085477033832,0.3210755208333333,0.34739670138888884,0.28316287878787877,0.011978443287036985,0.47433712121212124,0.07689628820485243,18.908562975571872,v7,scaling-v2/v4/v5/v6/v7 integrated manifests
16,200,0.3341796875,0.09050890066691375,0.0063999457419314345,0.3221484375,0.34650488281249997,0.29463541666666665,0.008641128540039062,0.46266666666666667,0.06259140092241496,33.01275516374763,v7,scaling-v2/v4/v5/v6/v7 integrated manifests
24,200,0.32374131944444445,0.08797353154346223,0.006220668071931078,0.31190928819444447,0.33568598090277774,0.3013269927536232,0.004992781274112604,0.4510914855072464,0.05666312950867908,75.94626035299352,v7,scaling-v2/v4/v5/v6/v7 integrated manifests
32,200,0.3266357421875,0.09105110988053698,0.006438285723108916,0.314580078125,0.339204345703125,0.3047379032258064,0.0030751323699950706,0.4404813508064516,0.05126899405524339,143.88837953398468,v7,scaling-v2/v4/v5/v6/v7 integrated manifests
48,200,0.30522352430555555,0.07937943739315255,0.005612973846747116,0.29428352864583324,0.31663254123263884,0.2975975177304965,0.001727314701786698,0.4364926861702127,0.04009534345581337,313.3992280934177,v7,scaling-v2/v4/v5/v6/v7 integrated manifests
64,200,0.307169189453125,0.07938538338136458,0.005613394291605675,0.2959777526855469,0.3178799438476563,0.2890426587301587,0.001074438691139175,0.43687810019841267,0.03495669717819138,595.0706271077611,v7,scaling-v2/v4/v5/v6/v7 integrated manifests
96,400,0.29724365234374994,0.0776111994154352,0.0038805599707717603,0.28988119167751736,0.30463708496093755,0.2832517817982456,0.00057526085111825,0.43439295504385966,0.027206346928456547,1302.986932207115,v7,scaling-v2/v4/v5/v6/v7 integrated manifests
128,400,0.286402587890625,0.07411813372031144,0.0037059066860155717,0.2795997047424317,0.29353845977783205,0.27356060839074803,0.00034824273549015225,0.43118041031003934,0.025533718099337695,2280.909755330053,v7,scaling-v2/v4/v5/v6/v7 integrated manifests
192,50,0.28958441840277777,0.07685951941504944,0.010869577475424113,0.2690270046657986,0.3104336208767361,0.26333387870855146,0.00018303294240692517,0.43349776396160555,0.022266792168445296,5158.34616923162,v7,scaling-v2/v4/v5/v6/v7 integrated manifests
256,20,0.28166885375976564,0.06944749595325074,0.01552893218186102,0.25230131149291996,0.31199867248535146,0.25632850796568635,0.00010925038950517773,0.4305369178921568,0.020851968099333654,9863.579041478313,v7,scaling-v2/v4/v5/v6/v7 integrated manifests
320,20,0.24562304687500003,0.06479833691466236,0.0144893486170119,0.21938034667968753,0.2739823486328125,0.2392829153605016,7.547833442687989e-05,0.4382325137147336,0.021172084166027654,12414.256553402209,v7,scaling-v2/v4/v5/v6/v7 integrated manifests
384,20,0.25743069118923617,0.05966607314521606,0.01334173955031778,0.2327242448594836,0.28432538350423175,0.23040993526979986,5.7520436835877683e-05,0.4430313043951261,0.011675679201927582,18991.583122599783,v7,scaling-v2/v4/v5/v6/v7 integrated manifests
