version,L_max,model,aicc,bic,loo_mae,loo_rmse,limit,ci95_low,ci95_high,max_parameter_correlation,boundary_solution,aicc_rank,conclusion_classification
v4,192,zero_power,-93.17206936417394,-94.28118489247156,0.0079895392518852,0.0102176753034642,0.0,0.0,0.0,0.9623826783995628,False,2,historical fit
v4,192,finite_power,-92.19095323846572,-95.28319795948356,0.0076129593250663,0.0104948707114974,0.2671186381284162,6.063111204975154e-19,0.2972719367697124,0.9747931892456816,False,4,historical fit
v4,192,zero_log,-96.71764447926256,-97.82676000756018,0.0065453463672241,0.0083064407439617,0.0,0.0,0.0,0.9719383438629524,False,1,historical fit
v4,192,finite_log,-92.86214046656956,-95.95438518758743,0.0066554908707248,0.0088151279637682,0.2018896741896102,1.3025138167167907e-21,0.2922683953852698,0.9960052610286982,False,3,historical fit
v5,256,zero_power,-103.85269471013504,-104.5569041645383,0.0074081332134976,0.0096127732714571,0.0,0.0,0.0,0.9586417857270784,False,3,historical fit
v5,256,finite_power,-103.77619743955184,-106.01108304972816,0.0073344237054684,0.0099702456861862,0.2596774202855753,7.005897150570417e-21,0.29582631138191345,0.9768845883953564,False,4,historical fit
v5,256,zero_log,-108.21057832708676,-108.91478778149,0.0058573919419083,0.0077012995959224,0.0,0.0,0.0,0.9704445698022988,False,1,historical fit
v5,256,finite_log,-104.55001643776676,-106.78490204794308,0.0062262227852892,0.0081532085712766,0.1659166552584105,1.4762532025118005e-22,0.29031000578315364,0.997321045596596,False,2,historical fit
v6,320,zero_power,-106.11540071128752,-106.47892074504486,0.010049380928556,0.0125438853038997,0.0,0.0,0.0,0.955222193999932,False,1,historical fit
v6,320,finite_power,-102.44873404462083,-103.99401409525684,0.0107421349895931,0.0141954648747305,3.3640029293184065e-19,7.839681877889876e-23,0.26529939459513097,0.9998265560867142,True,3,historical fit
v6,320,zero_log,-104.52247859830916,-104.88599863206647,0.0089557447884138,0.012743703276218,0.0,0.0,0.0,0.9689003769430208,False,2,historical fit
v6,320,finite_log,-100.8558119316425,-102.4010919822785,0.0091023199811094,0.0131366973471292,1.9956265432442815e-21,7.77389473464545e-23,0.2167621549656135,0.9997016633613924,True,4,historical fit
v7,384,zero_power,-116.31587064243608,-116.385971927513,0.0095164918700022,0.0116334693826586,0.0,0.0,0.0,0.952755588147769,False,1,v7 classification in UNBOUNDED_V7_RESULTS.md
v7,384,finite_power,-112.84920397576936,-113.8210225700514,0.0096216945208329,0.0118600088854996,5.571257614327452e-15,3.44404704787548e-23,0.24804549549439403,0.9997778527200764,True,3,v7 classification in UNBOUNDED_V7_RESULTS.md
v7,384,zero_log,-113.54261203618618,-113.61271332126312,0.0095215121195007,0.0123934292928133,0.0,0.0,0.0,0.9679662903205676,False,2,v7 classification in UNBOUNDED_V7_RESULTS.md
v7,384,finite_log,-110.07594536951966,-111.04776396380171,0.0095215118129774,0.0123934291403507,1.4611339968138904e-20,5.1075260127602576e-23,0.10002518030960122,0.9995947725792638,True,4,v7 classification in UNBOUNDED_V7_RESULTS.md
